Complexity|MSE|Equation
1|1.6783964e-5|-0.0001637745
2|1.6783964e-5|sinh(-0.0001637745)
9|1.5427137e-5|mult(plus(plus(greater(-0.0015955209, g0), t), -0.3748027), 0.002744869)
10|1.5417363e-5|mult(plus(plus(greater(-0.0015955209, g0), t), tanh(-0.3748027)), 0.002744869)
11|1.5415524e-5|mult(plus(plus(greater(-0.0015955209, g0), t), pow(-0.3748027, 1.0584221)), 0.002744869)
12|1.5411406e-5|mult(plus(plus(greater(-0.0015955209, g0), t), tanh(pow(-0.3748027, 1.0584221))), 0.002744869)
13|1.4198734e-5|mult(sinh(plus(tanh(plus(pow(g0, 0.2295922), pow(g1, 0.47301754))), 0.021634165)), -0.005624172)
14|1.418276e-5|mult(sinh(plus(tanh(plus(sinh(pow(g0, 0.23516905)), pow(g1, 0.47519237))), 0.030214494)), -0.005845234)
15|1.4095704e-5|mult(plus(plus(pow(g0, 0.21085069), tanh(tanh(pow(plus(g1, g2), 0.45236698)))), 0.037013426), -0.004979101)
17|1.4095704e-5|mult(plus(plus(plus(pow(g0, 0.21066688), 0.025399491), tanh(tanh(pow(plus(g1, g2), 0.45203215)))), 0.011691987), -0.00497547)
18|1.4094156e-5|mult(plus(plus(plus(pow(g0, 0.21274558), 0.02140656), tanh(tanh(pow(plus(g1, asinh(g2)), 0.45491934)))), 0.015165258), -0.0050252085)
22|1.4052112e-5|mult(plus(plus(plus(pow(g0, 0.2295922), 0.00832796), tanh(plus(tanh(pow(plus(g1, asinh(g2)), mult(0.6998117, 0.73441255))), g3))), 0.021634165), -0.005624172)
55|1.3751931e-5|mult(sinh(tanh(sinh(sinh(sinh(plus(pow(tanh(pow(g0, plus(plus(plus(t, 0.53176564), g1), relu(g2)))), plus(t, 0.3990455)), tanh(tanh(tanh(tanh(plus(plus(tanh(tanh(tanh(tanh(tanh(tanh(tanh(tanh(tanh(tanh(mult(plus(plus(g3, plus(g4, mean_g)), plus(g1, g1)), 4.239685))))))))))), tanh(pow(g2, 0.5422054))), g3))))))))))), -0.0055247233)
56|1.3749988e-5|mult(sinh(tanh(sinh(sinh(sinh(plus(pow(tanh(pow(g0, plus(plus(plus(t, 0.53176564), g1), relu(g2)))), plus(t, 0.3990455)), tanh(tanh(tanh(tanh(plus(plus(tanh(tanh(tanh(tanh(tanh(tanh(tanh(tanh(tanh(tanh(tanh(mult(plus(plus(g3, plus(g4, mean_g)), plus(g1, g1)), 4.239685)))))))))))), tanh(pow(g2, 0.5422054))), g3))))))))))), -0.0055247233)
57|1.3748616e-5|mult(sinh(tanh(sinh(sinh(sinh(plus(pow(tanh(pow(g0, plus(plus(plus(t, 0.53176564), g1), relu(g2)))), plus(t, 0.3990455)), tanh(tanh(tanh(tanh(plus(plus(tanh(tanh(tanh(tanh(tanh(tanh(tanh(tanh(tanh(tanh(tanh(tanh(mult(plus(plus(g3, plus(g4, mean_g)), plus(g1, g1)), 4.239685))))))))))))), tanh(pow(g2, 0.5422054))), g3))))))))))), -0.0055247233)
58|1.3360722e-5|mult(plus(plus(plus(cube(tanh(mult(asinh(sinh(plus(asinh(sign(g3)), sign(plus(plus(g1, g1), g4))))), 0.6594968))), t), sinh(plus(greater(plus(mean_g, g1), mult(sinh(1.4437263), plus(t, mean_g2))), pow(plus(g2, g4), plus(sqrtm(t), sqrtm(t)))))), sinh(mult(sinh(sinh(tanh(asinh(pow(mult(g0, 406.1177), square(-0.84836435)))))), square(erfc(t))))), -0.0014793393)
59|1.3353517e-5|mult(plus(plus(plus(tanh(cube(tanh(mult(asinh(sinh(plus(asinh(sign(g3)), sign(plus(plus(g1, g1), g2))))), 0.67337084)))), t), sinh(plus(greater(plus(mean_g, g1), mult(sinh(1.4437263), plus(t, mean_g2))), pow(plus(g2, g4), plus(sqrtm(t), sqrtm(t)))))), sinh(mult(sinh(sinh(tanh(asinh(pow(mult(g0, 406.1177), square(-0.84836435)))))), square(erfc(t))))), -0.0014793393)
60|1.3349335e-5|mult(plus(plus(plus(cube(tanh(mult(asinh(sinh(plus(asinh(sign(g3)), sign(plus(plus(g1, g1), g4))))), 0.6594968))), t), sinh(plus(greater(plus(mean_g, g1), mult(sinh(1.4437263), plus(plus(t, mean_g2), mean_g2))), pow(plus(g2, g4), plus(sqrtm(t), sqrtm(t)))))), sinh(mult(sinh(sinh(tanh(asinh(pow(mult(g0, 406.1177), square(-0.84836435)))))), square(erfc(t))))), -0.0014793393)
61|1.3333033e-5|mult(plus(plus(plus(tanh(cube(tanh(mult(asinh(sinh(plus(asinh(sign(g3)), sign(plus(plus(g1, g1), g4))))), 0.6594968)))), t), sinh(plus(greater(plus(mean_g, mult(g1, 1.2749124)), mult(plus(plus(t, mean_g2), mean_g2), 2.0002031)), pow(plus(g2, g4), plus(sqrtm(t), sqrtm(t)))))), sinh(mult(sinh(sinh(tanh(asinh(pow(mult(g0, 406.1177), 0.7197221))))), square(erfc(t))))), -0.0014793393)
63|1.33325e-5|mult(plus(plus(plus(cube(tanh(mult(asinh(sinh(plus(asinh(sign(g3)), sign(plus(plus(g1, g1), relu(g4)))))), 0.6594968))), t), sinh(plus(greater(plus(mean_g, mult(g1, 1.2749124)), mult(sinh(1.4437263), plus(plus(t, mean_g2), mean_g2))), pow(plus(g2, g4), plus(sqrtm(t), sqrtm(t)))))), sinh(mult(sinh(sinh(tanh(asinh(pow(mult(g0, 406.1177), square(-0.84350234)))))), square(erfc(t))))), -0.0014973275)
85|1.2474866e-5|mult(plus(plus(cube(tanh(mult(asinh(sinh(plus(sign(g3), sign(g1)))), 0.54912496))), plus(sinh(plus(square(mult(sinh(greater(mult(plus(mean_g, plus(g0, g3)), 0.56836045), plus(greater(mult(plus(plus(t, greater(mult(mean_g2, 0.9317355), t)), mean_g2), 2.7531457), mean_g), t))), -1.1988307)), sinh(sinh(plus(sinh(sinh(pow(tanh(tanh(tanh(tanh(tanh(tanh(plus(g2, g4))))))), plus(sqrtm(t), pow(plus(sqrtm(t), t), 1.3733956))))), -0.12631619))))), 0.22613096)), sinh(mult(sinh(sinh(tanh(asinh(mult(g0, 469.3565))))), cube(pow(erfc(t), 1.4571785))))), -0.0014683551)
86|1.2470611e-5|mult(plus(plus(cube(tanh(mult(asinh(sinh(plus(sign(g3), sign(g1)))), 0.54912496))), plus(sinh(plus(square(mult(sinh(greater(mult(plus(mean_g, plus(g0, g3)), 0.56836045), plus(greater(mult(plus(plus(t, greater(mult(mean_g2, 0.9317355), t)), mean_g2), 2.7531457), mean_g), t))), -1.1988307)), sinh(sinh(plus(sinh(sinh(pow(tanh(tanh(tanh(tanh(tanh(plus(g2, g4)))))), plus(sqrtm(t), pow(plus(sqrtm(t), t), 1.3733956))))), -0.12631619))))), 0.22613096)), plus(sinh(mult(sinh(sinh(tanh(asinh(mult(g0, 469.3565))))), cube(pow(erfc(t), 1.4571785)))), g1)), -0.0014683551)
87|1.2466102e-5|mult(plus(plus(cube(tanh(mult(asinh(sinh(plus(sign(g3), sign(g1)))), 0.54912496))), plus(sinh(plus(square(mult(sinh(greater(mult(plus(mean_g, plus(g0, g3)), 0.56836045), plus(greater(mult(plus(plus(t, greater(mult(mean_g2, 0.9317355), t)), mean_g2), 2.7531457), mean_g), t))), -1.1988307)), sinh(sinh(plus(sinh(sinh(pow(tanh(tanh(tanh(tanh(tanh(tanh(plus(g2, g4))))))), plus(sqrtm(t), pow(plus(sqrtm(t), t), 1.3733956))))), -0.12631619))))), 0.22613096)), plus(sinh(mult(sinh(sinh(tanh(asinh(mult(g0, 469.3565))))), cube(pow(erfc(t), 1.4571785)))), g1)), -0.0014683551)
88|1.2466102e-5|mult(plus(plus(cube(tanh(mult(asinh(sinh(plus(sign(g3), sign(g1)))), 0.54912496))), plus(sinh(plus(square(mult(sinh(greater(mult(plus(mean_g, plus(g0, g3)), 0.56836045), plus(sqrtm(greater(mult(plus(plus(t, greater(mult(mean_g2, 0.9317355), t)), mean_g2), 2.7531457), mean_g)), t))), -1.1988307)), sinh(sinh(plus(sinh(sinh(pow(tanh(tanh(tanh(tanh(tanh(tanh(plus(g2, g4))))))), plus(sqrtm(t), pow(plus(sqrtm(t), t), 1.3733956))))), -0.12631619))))), 0.22613096)), plus(sinh(mult(sinh(sinh(tanh(asinh(mult(g0, 469.3565))))), cube(pow(erfc(t), 1.4571785)))), g1)), -0.0014683551)
89|1.2458569e-5|mult(plus(plus(cube(tanh(mult(asinh(sinh(plus(sign(g3), sign(g1)))), 0.54912496))), plus(sinh(plus(square(mult(sinh(greater(mult(plus(mean_g, plus(g0, g3)), 0.56836045), plus(greater(mult(plus(plus(t, greater(mult(mean_g2, 0.9317355), t)), mean_g2), 2.7531457), mean_g), t))), -1.1988307)), sinh(sinh(plus(mult(sinh(sinh(pow(tanh(tanh(tanh(tanh(tanh(tanh(plus(g2, g4))))))), plus(sqrtm(t), pow(plus(sqrtm(t), t), 1.3733956))))), 1.0244131), -0.12631619))))), 0.22613096)), plus(sinh(mult(sinh(sinh(tanh(asinh(mult(g0, 469.3565))))), cube(pow(erfc(t), 1.4571785)))), g1)), -0.0014683551)
93|1.2458569e-5|mult(plus(plus(cube(tanh(mult(asinh(sinh(plus(sign(g3), sign(g1)))), 0.54912496))), plus(sinh(plus(square(mult(sinh(greater(mult(plus(mean_g, plus(g0, g3)), tanh(0.6450976)), plus(greater(mult(plus(plus(t, greater(mult(mean_g2, asinh(1.0725211)), t)), mean_g2), 2.7531457), mean_g), t))), -1.1988307)), sinh(sinh(plus(mult(sinh(sinh(pow(tanh(tanh(tanh(tanh(tanh(tanh(plus(g2, g4))))))), plus(sqrtm(t), pow(plus(sqrtm(t), t), 1.3733956))))), 1.0244131), -0.12631619))))), mult(0.11186514, 2.0214605))), plus(sinh(mult(sinh(sinh(tanh(asinh(mult(g0, 469.3565))))), cube(pow(erfc(t), 1.4571785)))), g1)), -0.0014683551)
99|1.2312692e-5|mult(plus(plus(cube(sinh(tanh(cube(mult(asinh(plus(plus(sinh(sign(g3)), sign(plus(plus(g1, g1), mean_g))), -0.081108294)), 0.6594968))))), sinh(plus(square(plus(sinh(greater(tanh(plus(plus(mult(plus(g1, 0.06305844), 0.23146296), g0), g3)), greater(mult(plus(plus(t, mean_g2), mult(mean_g2, 2.2584445)), 2.2045941), mean_g))), plus(mean_g, sqrtm(t)))), sinh(pow(sinh(sinh(sinh(pow(tanh(tanh(tanh(tanh(tanh(tanh(tanh(tanh(plus(g2, mult(g4, 0.79234856)))))))))), plus(sqrtm(mult(t, -0.74861616)), sqrtm(plus(mult(t, plus(g1, -0.29916078)), mean_g2))))))), 1.2522846))))), sinh(mult(sinh(sinh(tanh(asinh(mult(g0, 444.64468))))), cube(erfc(t))))), -0.0014793393)
100|1.23100535e-5|mult(plus(plus(cube(sinh(tanh(cube(mult(asinh(plus(plus(sinh(sign(g3)), sign(plus(plus(g1, g1), mean_g))), -0.081108294)), 0.6594968))))), sinh(plus(square(plus(sinh(greater(tanh(plus(plus(mult(plus(g1, 0.06305844), 0.23146296), g0), g3)), greater(mult(plus(plus(t, mean_g2), mult(mean_g2, 2.2584445)), 2.2045941), mean_g))), plus(mean_g, sqrtm(t)))), sinh(pow(sinh(sinh(sinh(pow(tanh(tanh(tanh(tanh(tanh(tanh(tanh(tanh(tanh(plus(g2, mult(g4, 0.79234856))))))))))), plus(sqrtm(mult(t, -0.74861616)), sqrtm(plus(mult(t, plus(g1, -0.29916078)), mean_g2))))))), 1.2522846))))), sinh(mult(sinh(sinh(tanh(asinh(mult(g0, 444.64468))))), cube(erfc(t))))), -0.0014793393)
101|1.230774e-5|mult(plus(plus(cube(sinh(tanh(cube(mult(asinh(plus(plus(sinh(sign(g3)), sign(plus(plus(g1, g1), mean_g))), -0.081108294)), 0.6594968))))), sinh(plus(square(plus(sinh(greater(tanh(plus(plus(mult(plus(g1, 0.06305844), 0.23146296), g0), g3)), greater(mult(plus(plus(t, mean_g2), mult(mean_g2, 2.2584445)), 2.2045941), mean_g))), plus(mean_g, sqrtm(t)))), sinh(pow(sinh(sinh(sinh(pow(tanh(tanh(tanh(tanh(tanh(tanh(tanh(tanh(tanh(tanh(plus(g2, mult(g4, 0.79234856)))))))))))), plus(sqrtm(mult(t, 0.73364854)), sqrtm(plus(mult(t, plus(g1, -0.29916078)), mean_g2))))))), 1.2406489))))), sinh(mult(sinh(sinh(tanh(asinh(mult(g0, 444.64468))))), cube(erfc(t))))), -0.0014793393)
102|1.1960605e-5|mult(plus(plus(cube(sinh(tanh(cube(mult(asinh(plus(plus(sinh(plus(sign(g3), g4)), sign(plus(plus(g1, g1), mean_g))), -0.16389984)), 0.6594968))))), sinh(plus(square(plus(sinh(greater(tanh(plus(plus(mult(g1, 0.5880873), plus(plus(g0, t), t)), g3)), greater(mult(plus(plus(t, mean_g2), mult(mean_g2, 2.2824311)), 2.2045941), mean_g))), plus(mean_g, sqrtm(t)))), sinh(pow(sinh(sinh(sinh(pow(mult(tanh(plus(g2, mult(g4, 0.79234856))), 0.13631696), plus(sqrtm(mult(t, sqrtm(g4))), sqrtm(plus(mult(t, sinh(sinh(plus(abs(g1), -0.36789006)))), mean_g2))))))), 1.2761732))))), sinh(mult(sinh(sinh(tanh(asinh(mult(g0, 465.45035))))), cube(erfc(t))))), -0.0014032727)
103|1.1960605e-5|mult(plus(plus(cube(sinh(tanh(cube(mult(asinh(plus(plus(sinh(plus(sign(g3), g4)), sign(plus(plus(g1, g1), mean_g))), -0.16389984)), 0.6594968))))), sinh(plus(square(plus(sinh(greater(tanh(plus(plus(mult(g1, 0.5880873), plus(plus(g0, t), t)), g3)), greater(mult(plus(plus(t, mean_g2), mult(mean_g2, 2.2824311)), 2.2045941), mean_g))), plus(mean_g, sqrtm(t)))), sinh(pow(sinh(sinh(sinh(pow(mult(tanh(plus(g2, mult(g4, 0.79234856))), square(-0.36921126)), plus(sqrtm(mult(t, sqrtm(g4))), sqrtm(plus(mult(t, sinh(sinh(plus(abs(g1), -0.36789006)))), mean_g2))))))), 1.2761732))))), sinh(mult(sinh(sinh(tanh(asinh(mult(g0, 465.45035))))), cube(erfc(t))))), -0.0014032727)
106|1.1875667e-5|mult(plus(plus(cube(tanh(mult(asinh(plus(sign(g3), sign(plus(plus(g1, g1), relu(g2))))), 0.66724116))), sinh(plus(asinh(tanh(asinh(plus(asinh(greater(plus(mean_g, mult(g1, 1.2985852)), plus(mult(plus(t, mean_g2), 2.0404222), mean_g2))), g1)))), sinh(sinh(sinh(sinh(pow(tanh(tanh(tanh(plus(mult(plus(g2, g0), 1.3515071), plus(plus(g4, mult(g3, 2.7276704)), plus(mult(plus(g2, g4), 5.89249), g1)))))), plus(sinh(plus(sinh(sinh(sinh(sqrtm(mult(greater(mult(plus(plus(t, mean_g2), t), 1.5725465), mean_g), sqrtm(sqrtm(g0))))))), mult(greater(mean_g2, t), 5.54123))), sqrtm(t)))))))))), sinh(mult(sinh(sinh(tanh(asinh(mult(g0, 406.1177))))), cube(erfc(t))))), -0.0014793393)
107|1.18729195e-5|mult(plus(plus(cube(tanh(mult(asinh(plus(sign(g3), sign(plus(plus(g1, g1), relu(g2))))), 0.66724116))), sinh(plus(asinh(tanh(asinh(plus(greater(plus(mean_g, mult(g1, 1.2985852)), plus(mult(plus(t, mean_g2), 2.0693524), mean_g2)), g1)))), sinh(sinh(sinh(sinh(pow(tanh(tanh(tanh(plus(mult(plus(g2, g0), 1.3515071), plus(plus(g4, tanh(mult(g3, 2.7276704))), plus(tanh(mult(plus(g2, g4), 5.89249)), g1)))))), plus(sinh(plus(sinh(sinh(sinh(sqrtm(mult(greater(mult(plus(plus(t, mean_g2), t), 1.5725465), mean_g), sqrtm(sqrtm(g0))))))), mult(greater(mean_g2, t), 5.54123))), sqrtm(t)))))))))), sinh(mult(sinh(sinh(tanh(asinh(mult(g0, 406.1177))))), cube(erfc(t))))), -0.0014793393)
108|1.187087e-5|mult(plus(plus(cube(tanh(mult(asinh(plus(sign(g3), sign(plus(plus(g1, g1), relu(g2))))), 0.66724116))), sinh(plus(asinh(tanh(asinh(plus(asinh(greater(plus(mean_g, mult(g1, 1.2985852)), plus(mult(plus(t, mean_g2), 2.0693524), mean_g2))), g1)))), sinh(sinh(sinh(sinh(pow(tanh(tanh(tanh(plus(mult(plus(g2, g0), 1.3515071), plus(plus(g4, tanh(mult(g3, 2.7276704))), plus(tanh(mult(plus(g2, g4), 5.89249)), g1)))))), plus(sinh(plus(sinh(sinh(sinh(sqrtm(mult(greater(mult(plus(plus(t, mean_g2), t), 1.5725465), mean_g), sqrtm(sqrtm(g0))))))), mult(greater(mean_g2, t), 5.54123))), sqrtm(t)))))))))), sinh(mult(sinh(sinh(tanh(asinh(mult(g0, 406.1177))))), cube(erfc(t))))), -0.0014793393)
109|1.1870208e-5|mult(plus(plus(cube(tanh(mult(asinh(plus(sign(g3), sign(plus(plus(g1, g1), relu(g2))))), 0.66724116))), sinh(plus(asinh(tanh(asinh(plus(asinh(greater(plus(mean_g, mult(g1, 1.2985852)), plus(mult(plus(t, mean_g2), 2.0693524), mean_g2))), g1)))), sinh(sinh(sinh(sinh(pow(tanh(tanh(tanh(plus(mult(plus(g2, g0), 1.3515071), plus(plus(g4, tanh(asinh(mult(g3, 2.7276704)))), plus(tanh(mult(plus(g2, g4), 5.89249)), g1)))))), plus(sinh(plus(sinh(sinh(sinh(sqrtm(mult(greater(mult(plus(plus(t, mean_g2), t), 1.5725465), mean_g), sqrtm(sqrtm(g0))))))), mult(greater(mean_g2, t), 5.54123))), sqrtm(t)))))))))), sinh(mult(sinh(sinh(tanh(asinh(mult(g0, 406.1177))))), cube(erfc(t))))), -0.0014793393)
110|1.1788412e-5|mult(plus(plus(plus(cube(cube(asinh(mult(asinh(sinh(plus(tanh(sign(g1)), pow(g2, t)))), 0.661242)))), sqrtm(relu(plus(pow(g3, 0.3364803), mean_g)))), sinh(pow(plus(tanh(plus(pow(cube(plus(greater(mult(plus(mean_g, plus(mult(g1, 1.3045698), g0)), 0.76884544), mult(plus(plus(t, mean_g2), greater(mean_g2, t)), plus(sinh(square(sign(g0))), 2.0002031))), g3)), plus(greater(abs(plus(plus(plus(g3, 0.17987019), g3), mean_g2)), 0.16066605), t)), pow(g0, 0.32787007))), plus(sinh(sinh(sinh(pow(tanh(tanh(tanh(tanh(plus(g2, g4))))), plus(greater(sqrtm(t), 0.090834156), sqrtm(t)))))), mean_g)), mult(plus(mult(mean_g, 6.1833944), 1.164156), 1.247609)))), sinh(sinh(sinh(tanh(asinh(asinh(mult(g0, 556.5223)))))))), -0.0011592659)
111|1.1788412e-5|mult(plus(plus(plus(cube(cube(asinh(mult(asinh(sinh(plus(tanh(sign(g1)), pow(g2, t)))), 0.661242)))), sqrtm(relu(plus(pow(g3, 0.3364803), mean_g)))), sinh(pow(plus(tanh(plus(pow(cube(plus(abs(greater(mult(plus(mean_g, plus(mult(g1, 1.3045698), g0)), 0.76884544), mult(plus(plus(t, mean_g2), greater(mean_g2, t)), plus(sinh(square(sign(g0))), 2.0002031)))), g3)), plus(greater(abs(plus(plus(plus(g3, 0.17987019), g3), mean_g2)), 0.16066605), t)), pow(g0, 0.32787007))), plus(sinh(sinh(sinh(pow(tanh(tanh(tanh(tanh(plus(g2, g4))))), plus(greater(sqrtm(t), 0.090834156), sqrtm(t)))))), mean_g)), mult(plus(mult(mean_g, 6.1833944), 1.164156), 1.247609)))), sinh(sinh(sinh(tanh(asinh(asinh(mult(g0, 556.5223)))))))), -0.0011592659)
117|1.1677267e-5|mult(plus(plus(cube(sinh(tanh(cube(cube(plus(mult(asinh(plus(plus(sinh(sign(g3)), sign(plus(plus(g1, g1), mean_g))), -0.17903619)), 0.6594968), t)))))), sinh(plus(square(plus(sinh(greater(tanh(plus(plus(mult(plus(mult(g1, 1.9563664), t), 0.30448014), mult(g0, 0.46614158)), g3)), greater(mult(plus(plus(t, mean_g2), mult(mean_g2, 2.2584445)), 2.2045941), mean_g))), plus(mean_g, sqrtm(t)))), sinh(pow(sinh(sinh(sinh(pow(tanh(tanh(asinh(tanh(tanh(tanh(tanh(plus(g2, mult(g4, 0.8096401))))))))), plus(sqrtm(mult(t, sqrtm(mult(g4, -0.09033437)))), mult(sqrtm(plus(mult(t, plus(mult(abs(g1), 1.2525512), -0.365509)), mean_g2)), exp(plus(sqrtm(g2), 0.76402843)))))))), 1.2258377))))), sinh(mult(sinh(sinh(tanh(asinh(mult(g0, 415.51733))))), cube(erfc(t))))), -0.001444941)
118|1.16747005e-5|mult(plus(plus(cube(sinh(tanh(cube(cube(plus(mult(asinh(plus(plus(sinh(sign(g3)), sign(plus(plus(g1, g1), mean_g))), -0.17903619)), 0.6594968), t)))))), sinh(plus(square(plus(sinh(greater(tanh(plus(plus(mult(plus(mult(g1, 1.9563664), t), 0.30448014), mult(g0, 0.46614158)), g3)), greater(mult(plus(plus(t, mean_g2), mult(mean_g2, 2.2584445)), 2.2045941), mean_g))), plus(mean_g, sqrtm(t)))), sinh(pow(sinh(sinh(sinh(pow(tanh(tanh(tanh(asinh(tanh(tanh(tanh(tanh(plus(g2, mult(g4, 0.8096401)))))))))), plus(sqrtm(mult(t, sqrtm(mult(g4, 0.0901466)))), mult(sqrtm(plus(mult(t, plus(mult(abs(g1), 1.2525512), -0.365509)), mean_g2)), exp(plus(sqrtm(g2), 0.76402843)))))))), 1.2258377))))), sinh(mult(sinh(sinh(tanh(asinh(mult(g0, 415.51733))))), cube(erfc(t))))), -0.001444941)
121|1.16747005e-5|mult(plus(plus(cube(sinh(tanh(cube(cube(plus(mult(asinh(plus(plus(sinh(sign(g3)), sign(plus(plus(g1, g1), mean_g))), -0.17903619)), 0.6594968), t)))))), sinh(plus(square(plus(sinh(greater(tanh(plus(plus(mult(plus(mult(g1, 1.9563664), t), 0.30448014), mult(g0, mult(tanh(0.6699803), 0.7968682))), g3)), greater(mult(plus(plus(t, mean_g2), mult(mean_g2, 2.2584445)), 2.2045941), mean_g))), plus(mean_g, sqrtm(t)))), sinh(pow(sinh(sinh(sinh(pow(tanh(tanh(tanh(asinh(tanh(tanh(tanh(tanh(plus(g2, mult(g4, 0.8096401)))))))))), plus(sqrtm(mult(t, sqrtm(mult(g4, 0.0901466)))), mult(sqrtm(plus(mult(t, plus(mult(abs(g1), 1.2525512), -0.365509)), mean_g2)), exp(plus(sqrtm(g2), 0.76402843)))))))), 1.2258377))))), sinh(mult(sinh(sinh(tanh(asinh(mult(g0, 415.51733))))), cube(erfc(t))))), -0.001444941)
122|1.16726715e-5|mult(plus(plus(cube(sinh(tanh(cube(cube(plus(mult(asinh(plus(plus(sinh(sign(g3)), sign(plus(plus(g1, g1), mean_g))), -0.17903619)), 0.6594968), t)))))), sinh(plus(square(plus(sinh(greater(tanh(plus(plus(mult(plus(mult(g1, 1.9563664), t), 0.30448014), mult(g0, mult(tanh(0.6699803), 0.7968682))), g3)), greater(mult(plus(plus(t, mean_g2), mult(mean_g2, 2.2584445)), 2.2045941), mean_g))), plus(mean_g, sqrtm(t)))), sinh(pow(sinh(sinh(sinh(pow(tanh(tanh(tanh(asinh(tanh(tanh(tanh(tanh(tanh(plus(g2, mult(g4, 0.8096401))))))))))), plus(sqrtm(mult(t, sqrtm(mult(g4, 0.0901466)))), mult(sqrtm(plus(mult(t, plus(mult(abs(g1), 1.2525512), -0.365509)), mean_g2)), exp(plus(sqrtm(g2), 0.76402843)))))))), 1.2258377))))), sinh(mult(sinh(sinh(tanh(asinh(mult(g0, 415.51733))))), cube(erfc(t))))), -0.001444941)
123|1.1624845e-5|mult(plus(plus(sinh(cube(sinh(tanh(cube(cube(plus(mult(asinh(plus(plus(sinh(sign(g3)), sign(plus(plus(g1, g1), mean_g))), -0.17392215)), 0.6576714), t))))))), sinh(plus(square(plus(sinh(greater(tanh(plus(plus(mult(plus(mult(g1, 1.9563664), t), 0.30448014), mult(g0, 0.46614158)), g3)), greater(mult(plus(plus(t, mean_g2), mult(mean_g2, 2.2584445)), 2.2045941), mean_g))), plus(mean_g, sqrtm(t)))), sinh(pow(sinh(sinh(sinh(plus(pow(tanh(tanh(tanh(tanh(tanh(tanh(tanh(tanh(plus(g2, mult(g4, 0.8096401)))))))))), plus(sqrtm(mult(t, sqrtm(mult(g4, -0.023424264)))), mult(sqrtm(plus(mult(t, plus(mult(abs(g1), 1.3357798), -0.365509)), mean_g2)), exp(plus(sqrtm(pow(g2, 0.6446337)), 0.7462485))))), -0.004860958)))), 1.2330077))))), sinh(mult(sinh(sinh(tanh(asinh(mult(g0, 448.17053))))), cube(erfc(t))))), -0.0014442725)
124|1.1623007e-5|mult(plus(plus(sinh(cube(sinh(tanh(cube(cube(plus(mult(asinh(plus(plus(sinh(sign(g3)), sign(plus(plus(g1, g1), mean_g))), -0.17392215)), 0.6576714), t))))))), sinh(plus(square(plus(sinh(greater(tanh(plus(plus(mult(plus(mult(g1, 1.9563664), t), 0.30448014), mult(g0, 0.46614158)), g3)), greater(mult(plus(plus(t, mean_g2), mult(mean_g2, 2.2584445)), 2.2045941), mean_g))), plus(mean_g, sqrtm(t)))), sinh(pow(sinh(sinh(sinh(plus(pow(tanh(tanh(tanh(tanh(tanh(tanh(tanh(tanh(plus(g2, mult(g4, 0.8096401)))))))))), plus(sqrtm(mult(t, sqrtm(mult(g4, -0.023424264)))), mult(sqrtm(plus(mult(t, plus(mult(abs(sinh(g1)), 1.3357798), -0.365509)), mean_g2)), exp(plus(sqrtm(pow(g2, 0.6446337)), 0.7462485))))), -0.004860958)))), 1.2330077))))), sinh(mult(sinh(sinh(tanh(asinh(mult(g0, 448.17053))))), cube(erfc(t))))), -0.0014442725)
125|1.16225565e-5|mult(plus(plus(sinh(cube(sinh(tanh(cube(cube(plus(mult(asinh(plus(plus(sinh(sign(g3)), sign(plus(plus(g1, g1), mean_g))), -0.17392215)), 0.6576714), t))))))), sinh(plus(square(plus(sinh(greater(tanh(plus(plus(mult(plus(mult(g1, 1.9563664), t), 0.30448014), mult(g0, 0.46614158)), g3)), greater(mult(plus(plus(t, mean_g2), mult(mean_g2, 2.2584445)), 2.2045941), mean_g))), plus(mean_g, sqrtm(t)))), sinh(pow(sinh(sinh(sinh(plus(pow(tanh(tanh(tanh(tanh(tanh(tanh(tanh(tanh(plus(tanh(g2), mult(g4, 0.8096401)))))))))), plus(sqrtm(mult(t, sqrtm(mult(g4, 0.023347417)))), mult(sqrtm(plus(mult(t, plus(mult(abs(sinh(g1)), 1.3357798), -0.365509)), mean_g2)), exp(plus(sqrtm(pow(g2, 0.6446337)), 0.7462485))))), -0.004860958)))), 1.2330077))))), sinh(mult(sinh(sinh(tanh(asinh(mult(g0, 448.17053))))), cube(erfc(t))))), -0.0014442725)
126|1.1277576e-5|mult(plus(plus(cube(tanh(mult(asinh(plus(sign(g3), sign(relu(g2)))), 0.6858165))), sinh(plus(pow(tanh(tanh(plus(greater(plus(mean_g, mult(g1, sinh(greater(plus(mean_g, mean_g2), g0)))), plus(mult(plus(t, mean_g2), 2.044436), mean_g2)), g1))), 0.28699616), sinh(sinh(sinh(plus(sinh(pow(tanh(tanh(plus(mult(plus(g2, g0), 1.9202498), tanh(tanh(tanh(plus(plus(g4, plus(mult(g3, 3.8018374), mean_g2)), tanh(tanh(plus(mult(plus(g2, g4), 5.89249), g1)))))))))), plus(sinh(sinh(sinh(plus(sqrtm(mult(greater(mult(plus(plus(t, mean_g2), t), plus(g3, 1.5725465)), mean_g), plus(plus(sqrtm(sqrtm(g0)), t), -0.009347755))), greater(mult(plus(greater(mean_g2, t), mean_g2), 7.1438966), 0.019832876))))), sqrtm(mult(t, 0.73416823))))), -0.025109824))))))), sinh(mult(sinh(sinh(tanh(asinh(mult(g0, 437.96674))))), cube(erfc(t))))), -0.0013971975)
127|1.1276133e-5|mult(plus(plus(cube(tanh(mult(asinh(plus(sign(g3), sign(relu(g2)))), 0.6858165))), sinh(plus(pow(tanh(tanh(plus(greater(plus(mean_g, mult(g1, sinh(greater(plus(mean_g, mean_g2), g0)))), plus(mult(plus(t, mean_g2), 2.044436), mean_g2)), g1))), 0.28699616), sinh(sinh(sinh(plus(sinh(pow(tanh(tanh(plus(mult(plus(g2, g0), 1.9202498), tanh(tanh(tanh(plus(plus(g4, plus(mult(g3, 3.8018374), mean_g2)), tanh(tanh(plus(mult(plus(g2, g4), 5.89249), g1)))))))))), plus(sinh(sinh(plus(sqrtm(mult(greater(mult(plus(plus(t, mean_g2), t), plus(g3, 1.5725465)), mean_g), plus(plus(sqrtm(sqrtm(g0)), t), -0.009248606))), greater(mult(plus(greater(mean_g2, t), mean_g2), 7.1438966), 0.019832876)))), sqrtm(mult(t, 0.73416823))))), -0.025109824))))))), sinh(mult(sinh(sinh(tanh(pow(asinh(mult(g0, 437.96674)), 0.81863266)))), cube(erfc(t))))), -0.0013971975)
128|1.1271981e-5|mult(plus(plus(cube(tanh(mult(asinh(plus(sign(g3), sign(relu(g2)))), 0.6858165))), sinh(plus(pow(tanh(tanh(plus(greater(plus(mean_g, mult(g1, sinh(greater(plus(mean_g, mean_g2), g0)))), plus(mult(plus(t, mean_g2), 2.044436), mean_g2)), g1))), 0.28699616), sinh(sinh(sinh(plus(sinh(pow(tanh(tanh(plus(mult(plus(g2, g0), 1.9202498), tanh(tanh(tanh(plus(plus(g4, plus(mult(g3, 3.8018374), mean_g2)), tanh(tanh(plus(mult(plus(g2, g4), 5.89249), g1)))))))))), plus(sinh(sinh(sinh(plus(sqrtm(mult(greater(mult(plus(plus(t, mean_g2), t), plus(g3, 1.5725465)), mean_g), plus(plus(sqrtm(sqrtm(g0)), t), -0.009248606))), greater(mult(plus(greater(mean_g2, t), mean_g2), 7.1438966), 0.019832876))))), sqrtm(mult(t, 0.73416823))))), -0.025109824))))))), sinh(mult(sinh(sinh(tanh(pow(asinh(mult(g0, 437.96674)), 0.81863266)))), cube(erfc(t))))), -0.0013971975)
129|1.1271889e-5|mult(plus(plus(cube(tanh(mult(asinh(plus(sign(g3), sign(relu(g2)))), 0.6858165))), sinh(plus(pow(tanh(tanh(plus(greater(plus(mean_g, mult(asinh(g1), sinh(greater(plus(mean_g, mean_g2), g0)))), plus(mult(plus(t, mean_g2), 2.044436), mean_g2)), g1))), 0.28699616), sinh(sinh(sinh(plus(sinh(pow(tanh(tanh(plus(mult(plus(g2, g0), 1.9202498), tanh(tanh(tanh(plus(plus(g4, plus(mult(g3, 3.8018374), mean_g2)), tanh(tanh(plus(mult(plus(g2, g4), 5.89249), g1)))))))))), plus(sinh(sinh(sinh(plus(sqrtm(mult(greater(mult(plus(plus(t, mean_g2), t), plus(g3, 1.5725465)), mean_g), plus(plus(sqrtm(sqrtm(g0)), t), -0.009347755))), greater(mult(plus(greater(mean_g2, t), mean_g2), 7.1438966), 0.019832876))))), sqrtm(mult(t, 0.73416823))))), -0.025109824))))))), sinh(mult(sinh(sinh(tanh(pow(asinh(mult(g0, 437.96674)), 0.81863266)))), cube(erfc(t))))), -0.0013971975)
130|1.12679445e-5|mult(plus(plus(cube(tanh(mult(asinh(plus(sign(g3), sign(relu(g2)))), 0.6858165))), sinh(plus(pow(tanh(tanh(plus(greater(plus(mean_g, mult(g1, sinh(greater(plus(mean_g, mean_g2), g0)))), plus(mult(plus(t, mean_g2), 2.044436), mean_g2)), g1))), 0.28699616), sinh(sinh(sinh(plus(sinh(pow(tanh(tanh(plus(mult(plus(g2, g0), 1.9202498), tanh(tanh(tanh(plus(plus(g4, plus(mult(g3, 3.8018374), mean_g2)), tanh(tanh(plus(mult(plus(g2, g4), 5.89249), g1)))))))))), plus(sinh(sinh(sinh(plus(sqrtm(mult(greater(mult(plus(plus(t, mean_g2), t), plus(plus(g3, 1.5725465), g0)), mean_g), plus(plus(sqrtm(sqrtm(g0)), t), -0.009248606))), greater(mult(plus(greater(mean_g2, t), mean_g2), 7.1438966), 0.019832876))))), sqrtm(mult(t, 0.73416823))))), -0.025109824))))))), sinh(mult(sinh(sinh(tanh(pow(asinh(mult(g0, 437.96674)), 0.81863266)))), cube(erfc(t))))), -0.0013971975)
135|1.10212595e-5|mult(plus(plus(cube(tanh(mult(asinh(asinh(sign(g3))), 0.6858165))), sinh(plus(pow(tanh(tanh(plus(greater(plus(mean_g, mult(plus(g1, g2), sinh(greater(plus(mean_g, mean_g2), g0)))), plus(mult(t, 2.044436), mean_g2)), g1))), 0.28699616), sinh(sinh(sinh(plus(sinh(pow(tanh(tanh(plus(mult(plus(g2, g0), 1.9202498), tanh(tanh(tanh(tanh(plus(plus(g4, plus(mult(g3, 3.8018374), plus(mean_g2, greater(mean_g2, t)))), plus(tanh(tanh(plus(mult(plus(g2, g4), 5.89249), g1))), mean_g2))))))))), plus(sinh(sinh(sinh(plus(sqrtm(mult(greater(mult(plus(plus(t, mean_g2), t), plus(g3, 1.5725465)), mean_g), plus(plus(sqrtm(sqrtm(g0)), t), -0.0018880601))), greater(mult(plus(greater(mult(mean_g2, sqrtm(0.7145786)), t), mean_g2), 7.4519424), 0.019832876))))), sqrtm(mult(t, 0.72163326))))), -0.020572066))))))), sinh(mult(sinh(sinh(tanh(pow(asinh(mult(g0, 498.40714)), 0.8009288)))), cube(erfc(t))))), -0.0013749042)
137|1.0979148e-5|mult(plus(plus(cube(tanh(mult(asinh(asinh(plus(sign(g3), sign(relu(g4))))), 0.8331857))), sinh(plus(pow(tanh(tanh(plus(greater(plus(mean_g, mult(plus(g1, g2), sinh(greater(plus(mean_g, mean_g2), g0)))), plus(mult(t, 2.044436), mean_g2)), g1))), 0.27184403), sinh(sinh(sinh(plus(sinh(pow(tanh(tanh(plus(mult(plus(g2, g0), 2.0783858), tanh(tanh(tanh(plus(plus(g4, plus(mult(g3, 4.060917), plus(mean_g2, greater(mean_g2, t)))), tanh(plus(mult(plus(g2, g4), 6.045903), g1))))))))), plus(mult(sinh(sinh(sinh(plus(sqrtm(mult(greater(mult(plus(plus(t, mean_g2), t), plus(g3, plus(1.5725465, relu(g0)))), mean_g), plus(sqrtm(sqrtm(g0)), -0.0018880601))), greater(mult(plus(greater(mult(mean_g2, 0.84532756), t), mean_g2), plus(7.4519424, g2)), 0.019832876))))), 1.3976712), sqrtm(mult(t, 0.76114416))))), -0.018502392))))))), sinh(mult(sinh(sinh(tanh(asinh(mult(g0, 499.72003))))), cube(erfc(t))))), -0.0013537774)
138|1.0959246e-5|mult(plus(plus(cube(tanh(mult(asinh(asinh(plus(sign(g3), sign(relu(g4))))), 0.8331857))), sinh(plus(pow(tanh(tanh(plus(greater(plus(mean_g, mult(plus(g1, g2), sinh(greater(plus(mean_g, mean_g2), g0)))), plus(mult(t, 2.044436), mean_g2)), g1))), 0.27184403), sinh(sinh(sinh(plus(sinh(pow(tanh(tanh(plus(mult(plus(g2, g0), 2.0783858), tanh(tanh(tanh(plus(plus(g4, plus(mult(g3, 4.060917), plus(mean_g2, greater(mean_g2, t)))), tanh(plus(mult(plus(g2, g4), 6.045903), g1))))))))), plus(mult(sinh(sinh(plus(sqrtm(mult(greater(mult(plus(plus(t, mean_g2), t), plus(g3, plus(1.5725465, relu(g0)))), mean_g), plus(plus(sqrtm(sqrtm(g0)), t), -0.0018880601))), greater(mult(plus(greater(mult(mean_g2, 0.84532756), t), mean_g2), plus(7.4519424, g2)), 0.019832876)))), 1.3976712), sqrtm(mult(t, 0.76114416))))), -0.018502392))))))), sinh(mult(sinh(sinh(tanh(asinh(mult(g0, 499.72003))))), cube(erfc(t))))), -0.0013537774)
139|1.0956035e-5|mult(plus(plus(cube(tanh(mult(asinh(asinh(plus(sign(g3), sign(relu(g4))))), 0.8331857))), sinh(plus(pow(tanh(tanh(plus(greater(plus(mean_g, mult(plus(g1, g2), sinh(greater(plus(mean_g, mean_g2), g0)))), plus(mult(t, 2.044436), mean_g2)), g1))), 0.27184403), sinh(sinh(sinh(plus(sinh(pow(tanh(tanh(plus(mult(plus(g2, g0), 2.0783858), tanh(tanh(tanh(plus(plus(g4, plus(mult(g3, 4.060917), plus(mean_g2, greater(mean_g2, t)))), tanh(plus(mult(plus(g2, g4), 6.045903), g1))))))))), plus(mult(sinh(sinh(sinh(plus(sqrtm(mult(greater(mult(plus(plus(t, mean_g2), t), plus(g3, plus(1.5725465, relu(g0)))), mean_g), plus(plus(sqrtm(sqrtm(g0)), t), -0.0018880601))), greater(mult(plus(greater(mult(mean_g2, 0.84532756), t), mean_g2), plus(7.4519424, g2)), 0.019832876))))), 1.3976712), sqrtm(mult(t, -0.761412))))), -0.018502392))))))), sinh(mult(sinh(sinh(tanh(asinh(mult(g0, 499.72003))))), cube(erfc(t))))), -0.0013537774)
140|1.0936879e-5|mult(plus(plus(cube(tanh(mult(asinh(asinh(plus(sign(g3), sign(relu(g4))))), 0.8331857))), sinh(plus(pow(tanh(tanh(plus(greater(plus(mean_g, mult(plus(g1, g2), sinh(greater(plus(relu(g4), mean_g2), g0)))), plus(mult(t, 2.044436), mean_g2)), g1))), 0.27184403), sinh(sinh(sinh(plus(sinh(pow(tanh(tanh(plus(mult(plus(g2, g0), 2.0783858), tanh(tanh(tanh(plus(plus(g4, plus(mult(g3, 4.060917), plus(mean_g2, greater(mean_g2, t)))), tanh(plus(mult(plus(g2, g4), 6.045903), g1))))))))), plus(mult(sinh(sinh(sinh(plus(sqrtm(mult(greater(mult(plus(plus(t, mean_g2), t), plus(g3, plus(1.5725465, relu(g0)))), mean_g), plus(plus(sqrtm(sqrtm(g0)), t), -0.0018880601))), greater(mult(plus(greater(mult(mean_g2, 0.84532756), t), mean_g2), plus(7.4519424, g2)), 0.019832876))))), 1.3976712), sqrtm(mult(t, -0.72497165))))), -0.018502392))))))), sinh(mult(sinh(sinh(tanh(asinh(mult(g0, 499.72003))))), cube(erfc(t))))), -0.0013537774)
152|1.0424431e-5|mult(plus(plus(cube(tanh(mult(asinh(plus(sign(g3), relu(sign(g4)))), 0.7349036))), sinh(plus(asinh(pow(tanh(plus(greater(plus(mean_g, mult(plus(g1, g2), plus(sinh(sinh(greater(plus(mean_g, mean_g2), g0))), -0.25452444))), plus(mult(t, 1.9514723), mean_g2)), g1)), 0.35887036)), sinh(sinh(sinh(plus(sinh(pow(tanh(tanh(plus(plus(plus(mult(plus(g2, g0), 1.8878663), tanh(tanh(tanh(plus(plus(mult(g3, 3.7842107), cube(square(cube(cube(plus(g0, greater(mean_g2, mult(t, 0.6764639)))))))), plus(plus(mult(plus(g2, g4), 5.89249), g1), plus(g1, g2))))))), g1), g0))), plus(sinh(sinh(sinh(plus(sqrtm(pow(mult(greater(mult(plus(plus(t, mean_g2), t), plus(g3, 1.5954019)), mean_g), plus(plus(sqrtm(sqrtm(g0)), t), -0.0018880601)), greater(mean_g, g3))), sinh(greater(mult(plus(greater(mult(mean_g2, 0.84532756), t), mean_g2), 7.4519424), 0.019832876)))))), sqrtm(mult(t, -0.64270574))))), -0.019949703))))))), sinh(mult(sinh(sinh(tanh(pow(asinh(mult(g0, 499.72003)), 0.79219425)))), cube(erfc(t))))), -0.0013749042)
153|1.0417008e-5|mult(plus(plus(cube(tanh(mult(asinh(plus(sign(g3), relu(sign(g4)))), 0.7349036))), sinh(plus(asinh(pow(tanh(plus(greater(plus(mean_g, mult(plus(g1, g2), plus(sinh(sinh(greater(plus(mean_g, mean_g2), g0))), -0.25452444))), plus(mult(t, 2.0977924), mean_g2)), g1)), 0.35887036)), sinh(sinh(sinh(plus(sinh(pow(tanh(tanh(plus(plus(plus(mult(plus(g2, g0), 1.8878663), tanh(tanh(tanh(tanh(plus(plus(mult(g3, 3.8018374), cube(square(cube(cube(plus(g0, greater(mean_g2, mult(t, 0.6764639)))))))), plus(plus(mult(plus(g2, g4), 5.89249), g1), plus(g1, g2)))))))), g1), g0))), plus(sinh(sinh(sinh(plus(sqrtm(pow(mult(greater(mult(plus(plus(t, mean_g2), t), plus(g3, 1.5954019)), mean_g), plus(plus(sqrtm(sqrtm(g0)), t), -0.0018880601)), greater(mean_g, g3))), sinh(greater(mult(plus(greater(mult(mean_g2, 0.84532756), t), mean_g2), 7.4519424), 0.019832876)))))), sqrtm(mult(t, 0.635545))))), -0.019949703))))))), sinh(mult(sinh(sinh(tanh(pow(asinh(mult(g0, 499.72003)), 0.79219425)))), cube(erfc(t))))), -0.0013749042)
154|1.0416711e-5|mult(plus(plus(cube(tanh(mult(asinh(plus(sign(g3), relu(sign(g4)))), 0.7349036))), sinh(plus(asinh(pow(tanh(plus(greater(plus(mean_g, mult(plus(g1, g2), plus(sinh(sinh(greater(plus(mean_g, mean_g2), g0))), -0.25452444))), plus(mult(t, 2.0977924), mean_g2)), g1)), 0.35887036)), sinh(sinh(sinh(plus(sinh(pow(tanh(tanh(plus(plus(plus(mult(plus(g2, g0), 1.8878663), tanh(tanh(tanh(tanh(plus(plus(mult(g3, 3.8018374), cube(square(cube(cube(plus(g0, greater(mean_g2, mult(t, 0.6764639)))))))), plus(plus(sinh(mult(plus(g2, g4), 5.89249)), g1), plus(g1, g2)))))))), g1), g0))), plus(sinh(sinh(sinh(plus(sqrtm(pow(mult(greater(mult(plus(plus(t, mean_g2), t), plus(g3, 1.5954019)), mean_g), plus(plus(sqrtm(sqrtm(g0)), t), -0.0018880601)), greater(mean_g, g3))), sinh(greater(mult(plus(greater(mult(mean_g2, 0.84532756), t), mean_g2), 7.4519424), 0.019832876)))))), sqrtm(mult(t, 0.635545))))), -0.019949703))))))), sinh(mult(sinh(sinh(tanh(pow(asinh(mult(g0, 499.72003)), 0.79219425)))), cube(erfc(t))))), -0.0013749042)
161|1.0315223e-5|mult(plus(plus(cube(tanh(asinh(mult(asinh(plus(sign(g3), relu(sign(g4)))), 0.7349036)))), sinh(plus(asinh(pow(plus(greater(plus(mean_g, mult(plus(g1, g2), plus(asinh(cube(sinh(greater(plus(mean_g, mean_g2), g0)))), -0.19707616))), plus(mult(t, 2.8272548), mean_g2)), g1), 0.40039513)), sinh(sinh(sinh(plus(sinh(plus(pow(tanh(tanh(plus(plus(plus(mult(plus(g2, g0), 2.0174718), tanh(plus(plus(mult(g3, 3.8018374), square(mult(cube(square(cube(plus(greater(mean_g2, mult(t, 0.6764639)), g1)))), -0.7631533))), plus(tanh(tanh(tanh(tanh(plus(mult(plus(g2, g4), 6.1800537), plus(g1, g1)))))), g2)))), g1), g0))), plus(sinh(sinh(sinh(plus(sqrtm(sinh(pow(mult(greater(mult(plus(plus(t, mean_g2), t), plus(g3, 1.5954019)), mean_g), plus(plus(sqrtm(sqrtm(g0)), t), -0.0014092077)), greater(mult(mean_g, 0.2379715), square(g3))))), sinh(greater(mult(plus(greater(mult(mean_g2, 0.84532756), t), mean_g2), 7.4519424), 0.019721707)))))), sqrtm(mult(t, -0.71727514)))), t)), -0.028892025))))))), sinh(mult(sinh(sinh(tanh(asinh(mult(g0, 499.72003))))), cube(erfc(t))))), -0.0013705698)
162|1.031185e-5|mult(plus(plus(cube(tanh(asinh(mult(asinh(plus(sign(g3), relu(sign(g4)))), 0.7349036)))), sinh(plus(asinh(pow(plus(greater(plus(mean_g, mult(plus(g1, g2), plus(asinh(cube(sinh(greater(plus(mean_g, mean_g2), g0)))), -0.19707616))), plus(mult(t, 2.8272548), mean_g2)), g1), 0.40039513)), sinh(sinh(sinh(plus(sinh(plus(pow(tanh(tanh(plus(plus(plus(mult(plus(g2, g0), 2.0174718), tanh(plus(plus(mult(g3, 3.8018374), square(mult(cube(square(cube(plus(greater(mean_g2, mult(t, 0.6764639)), g1)))), -0.7631533))), plus(tanh(tanh(tanh(tanh(plus(mult(plus(g2, g4), 6.1800537), plus(g1, g1)))))), g2)))), g1), g0))), plus(sinh(sinh(sinh(plus(sqrtm(pow(mult(greater(mult(plus(plus(t, mean_g2), t), plus(g3, 1.5954019)), mean_g), plus(plus(sqrtm(sqrtm(g0)), t), -0.0014092077)), greater(mult(mean_g, 0.2379715), square(g3)))), sinh(greater(mult(plus(greater(mult(mean_g2, 0.84532756), t), mean_g2), 7.4519424), 0.019721707)))))), sqrtm(mult(t, 0.7101481)))), t)), -0.028892025))))))), sinh(mult(sinh(sinh(tanh(pow(asinh(mult(g0, 499.72003)), 0.79219425)))), cube(erfc(t))))), -0.0013705698)
163|1.0293637e-5|mult(plus(plus(cube(tanh(mult(asinh(plus(sign(g3), relu(sign(g4)))), 0.6490537))), sinh(plus(asinh(pow(plus(greater(plus(mean_g, mult(plus(g1, g2), plus(square(sinh(greater(plus(mean_g, mean_g2), g0))), -0.18926257))), plus(mult(t, 2.0977924), mean_g2)), g1), 0.4461451)), sinh(sinh(sinh(plus(sinh(pow(sinh(tanh(tanh(plus(plus(plus(mult(plus(g2, g0), 2.2052946), asinh(asinh(asinh(plus(plus(mult(g3, 4.2471013), cube(cube(mult(cube(cube(plus(g1, greater(mean_g2, mult(t, 0.6764639))))), greater(t, g3))))), plus(tanh(tanh(tanh(plus(mult(plus(g2, g4), 7.347529), mult(g1, 2.0303))))), plus(g1, g2))))))), g1), g0)))), plus(sinh(sinh(sinh(plus(sqrtm(sinh(pow(mult(greater(mult(plus(plus(t, mean_g2), t), plus(g3, 1.5954019)), mean_g), plus(sqrtm(sqrtm(g0)), t)), greater(mean_g, pow(square(g2), 0.7281409))))), sinh(greater(mult(plus(greater(mult(mean_g2, 0.84532756), t), mean_g2), 7.4519424), 0.019832876)))))), sqrtm(mult(t, -0.89716566))))), -0.023121146))))))), sinh(mult(sinh(sinh(tanh(pow(asinh(mult(g0, 499.72003)), 0.7856954)))), cube(erfc(t))))), -0.0013749042)
164|1.028799e-5|mult(plus(plus(cube(tanh(mult(asinh(plus(sign(g3), relu(sign(g4)))), 0.6490537))), sinh(plus(asinh(pow(plus(greater(plus(mean_g, mult(plus(g1, g2), plus(square(sinh(greater(plus(mean_g, mean_g2), g0))), -0.18926257))), plus(mult(t, 2.0977924), mean_g2)), g1), 0.4461451)), sinh(sinh(sinh(plus(sinh(pow(sinh(tanh(tanh(plus(plus(plus(mult(plus(g2, g0), 2.2052946), asinh(asinh(asinh(plus(plus(mult(g3, 4.2471013), cube(cube(mult(cube(cube(plus(g1, greater(mean_g2, mult(t, 0.6764639))))), greater(t, g3))))), plus(tanh(tanh(plus(mult(plus(g2, g4), 7.347529), mult(g1, 2.0303)))), plus(g1, g2))))))), g1), g0)))), plus(sinh(sinh(sinh(plus(sqrtm(sinh(pow(mult(greater(mult(plus(plus(t, mean_g2), t), plus(g3, 1.5954019)), mean_g), plus(plus(sqrtm(sqrtm(g0)), t), -0.0015271003)), greater(mean_g, pow(square(g2), 0.7281409))))), sinh(greater(mult(plus(greater(mult(mean_g2, 0.84532756), t), mean_g2), 7.4519424), 0.019832876)))))), sqrtm(mult(t, 0.94095045))))), -0.023121146))))))), sinh(mult(sinh(sinh(tanh(pow(asinh(mult(g0, 499.72003)), 0.7856954)))), cube(erfc(t))))), -0.0013749042)
165|9.856184e-6|mult(plus(plus(cube(cube(mult(asinh(plus(sign(g3), sign(g1))), 0.61145175))), sinh(plus(asinh(relu(cube(plus(greater(plus(mean_g, mult(plus(g1, g2), sinh(sinh(plus(sinh(greater(plus(mean_g, mult(mult(g4, g1), -14.421807)), g0)), -0.19745083))))), plus(mult(t, 2.815143), mean_g2)), pow(g0, 0.63906044))))), sinh(sinh(sinh(plus(sinh(plus(pow(sinh(tanh(tanh(sinh(plus(mult(plus(g2, g0), 2.7314184), asinh(asinh(plus(plus(tanh(mult(g3, 6.8627863)), sinh(cube(mult(cube(cube(plus(g1, greater(mean_g2, mult(t, 0.6691555))))), greater(t, sqrtm(g0)))))), tanh(plus(mult(plus(g2, g4), 11.655678), mult(g1, 7.1993623))))))))))), plus(sinh(sinh(sinh(plus(sqrtm(sinh(pow(mult(greater(mult(plus(plus(t, mean_g2), t), plus(pow(g3, 0.6472239), 1.5954019)), mean_g), plus(sqrtm(sqrtm(g0)), t)), greater(mean_g, pow(square(g2), 0.6262864))))), sinh(greater(mult(plus(greater(mult(mean_g2, 0.84532756), t), mean_g2), plus(g2, 7.4658475)), 0.019832876)))))), sqrtm(t))), plus(t, t))), -0.034211375))))))), sinh(mult(sinh(sinh(tanh(asinh(mult(g0, 499.72003))))), cube(erfc(t))))), -0.0013336934)
167|9.846976e-6|mult(plus(plus(cube(cube(mult(asinh(plus(sign(g3), sign(g1))), 0.61145175))), sinh(plus(asinh(relu(cube(plus(greater(plus(mean_g, mult(plus(g1, g2), sinh(sinh(plus(sinh(greater(plus(mean_g, mult(mult(g4, g1), -14.421807)), g0)), -0.19745083))))), plus(mult(t, 2.815143), mean_g2)), pow(g0, 0.63906044))))), sinh(sinh(sinh(plus(sinh(plus(pow(sinh(tanh(tanh(sinh(plus(mult(plus(g2, g0), 2.7314184), asinh(asinh(plus(plus(tanh(mult(g3, 6.8627863)), sinh(cube(mult(cube(cube(plus(g1, greater(mean_g2, mult(t, 0.6691555))))), greater(t, sqrtm(g0)))))), tanh(plus(mult(plus(g2, g4), 11.655678), mult(g1, 7.1993623))))))))))), plus(sinh(sinh(sinh(plus(sqrtm(sinh(pow(mult(greater(mult(plus(plus(t, mean_g2), t), plus(pow(g3, 0.6472239), 1.5954019)), mean_g), plus(plus(sqrtm(sqrtm(g0)), t), -0.0015046691)), greater(mean_g, pow(square(g2), 0.6262864))))), sinh(greater(mult(plus(greater(mult(mean_g2, 0.84532756), t), mean_g2), plus(g2, 7.4658475)), 0.019832876)))))), sqrtm(t))), plus(t, t))), -0.034211375))))))), sinh(mult(sinh(sinh(tanh(asinh(mult(g0, 499.72003))))), cube(erfc(t))))), -0.0013336934)
168|9.832045e-6|mult(plus(plus(cube(cube(mult(asinh(plus(sign(g3), sign(g1))), 0.61145175))), sinh(plus(asinh(relu(cube(plus(greater(plus(mean_g, mult(plus(mult(g1, 1.2127938), g2), sinh(plus(sinh(greater(plus(mean_g, mult(mult(g4, g1), -4.023097)), relu(g0))), -0.17866482)))), plus(mult(t, 2.815143), mean_g2)), pow(g0, 0.642864))))), sinh(sinh(sinh(plus(sinh(plus(pow(sinh(tanh(tanh(sinh(plus(mult(plus(g2, g0), 2.668649), asinh(plus(plus(tanh(mult(g3, 7.117863)), sinh(cube(mult(cube(cube(plus(g1, greater(mean_g2, mult(t, 0.6730578))))), greater(t, sqrtm(g0)))))), tanh(plus(mult(plus(g2, g4), 11.861715), mult(g1, 8.493516)))))))))), plus(sinh(sinh(sinh(plus(sqrtm(sinh(pow(mult(greater(mult(plus(plus(t, mean_g2), t), plus(pow(g3, 0.6472239), 1.5954019)), mean_g), plus(plus(sqrtm(sqrtm(g1)), t), -0.0014967613)), greater(mean_g, pow(square(g2), 0.6262864))))), sinh(greater(mult(plus(greater(mult(mean_g2, 0.84532756), t), mean_g2), plus(g2, 7.4519424)), 0.019832876)))))), sqrtm(t))), plus(t, t))), -0.035577424))))))), sinh(mult(sinh(sinh(tanh(asinh(mult(g0, 499.72003))))), cube(erfc(t))))), -0.0013101499)
169|9.822311e-6|mult(plus(plus(cube(cube(mult(asinh(plus(sign(g3), sign(g1))), 0.61145175))), sinh(plus(asinh(relu(cube(plus(greater(plus(mean_g, mult(plus(mult(g1, 1.2127938), g2), sinh(plus(sinh(greater(plus(mean_g, mult(mult(g4, g1), -4.023097)), relu(g0))), -0.17866482)))), plus(mult(t, 2.815143), mean_g2)), pow(g0, 0.642864))))), sinh(sinh(sinh(plus(sinh(plus(pow(sinh(tanh(tanh(sinh(plus(mult(plus(g2, g0), 2.668649), asinh(asinh(plus(plus(tanh(mult(g3, 7.117863)), sinh(cube(mult(cube(cube(plus(g1, greater(mean_g2, mult(t, 0.6730578))))), greater(t, sqrtm(g0)))))), tanh(plus(mult(plus(g2, g4), 11.861715), mult(g1, 8.493516))))))))))), plus(sinh(sinh(sinh(plus(sqrtm(sinh(pow(mult(greater(mult(plus(plus(t, mean_g2), t), plus(pow(g3, 0.6472239), 1.5954019)), mean_g), plus(plus(sqrtm(sqrtm(g1)), t), -0.0014967613)), greater(mean_g, pow(square(g2), 0.6262864))))), sinh(greater(mult(plus(greater(mult(mean_g2, 0.84532756), t), mean_g2), plus(g2, 7.4519424)), 0.019832876)))))), sqrtm(t))), plus(t, t))), -0.035577424))))))), sinh(mult(sinh(sinh(tanh(asinh(mult(g0, 499.72003))))), cube(erfc(t))))), -0.0013101499)
170|9.822112e-6|mult(plus(plus(cube(cube(mult(asinh(plus(sign(g3), sign(g1))), 0.61145175))), sinh(plus(asinh(relu(cube(plus(greater(plus(mean_g, mult(plus(mult(g1, 1.2127938), g2), sinh(plus(sinh(greater(plus(mean_g, mult(mult(g4, g1), -4.023097)), relu(g0))), -0.17866482)))), plus(mult(t, 2.815143), mean_g2)), pow(g0, 0.642864))))), sinh(sinh(sinh(plus(sinh(plus(pow(sinh(tanh(tanh(sinh(plus(mult(plus(g2, g0), 2.668649), asinh(asinh(plus(plus(tanh(mult(g3, 7.117863)), sinh(cube(mult(cube(cube(plus(g1, greater(mean_g2, mult(t, 0.6730578))))), greater(t, sqrtm(g0)))))), tanh(plus(mult(plus(g2, g4), 11.861715), mult(g1, 8.493516))))))))))), plus(sinh(sinh(sinh(plus(sqrtm(sinh(pow(mult(greater(mult(plus(tanh(plus(t, mean_g2)), t), plus(pow(g3, 0.6472239), 1.5954019)), mean_g), plus(plus(sqrtm(sqrtm(g1)), t), -0.0014967613)), greater(mean_g, pow(square(g2), 0.6262864))))), sinh(greater(mult(plus(greater(mult(mean_g2, 0.84532756), t), mean_g2), plus(g2, 7.4519424)), 0.019832876)))))), sqrtm(t))), plus(t, t))), -0.035577424))))))), sinh(mult(sinh(sinh(tanh(asinh(mult(g0, 499.72003))))), cube(erfc(t))))), -0.0013101499)
171|9.808775e-6|mult(plus(plus(cube(cube(mult(asinh(plus(sign(g3), sign(g1))), 0.6202775))), sinh(plus(asinh(cube(plus(greater(plus(mean_g, mult(plus(g1, g2), sinh(sinh(plus(sinh(greater(plus(mean_g, mult(mult(g4, g1), -16.330774)), g0)), -0.19745083))))), plus(mult(t, 2.815143), mean_g2)), tanh(pow(g0, plus(0.5130275, plus(g0, g2))))))), sinh(sinh(sinh(plus(sinh(plus(pow(sinh(tanh(tanh(sinh(plus(mult(plus(g2, g0), 2.7314184), asinh(asinh(plus(plus(tanh(mult(g3, 6.8627863)), sinh(cube(mult(cube(cube(plus(g1, greater(mean_g2, mult(t, 0.6691555))))), greater(t, sqrtm(g0)))))), tanh(plus(mult(plus(g2, g4), 11.859227), mult(g1, 7.1993623))))))))))), plus(sinh(sinh(sinh(plus(sqrtm(sinh(pow(mult(greater(mult(plus(plus(t, mean_g2), t), plus(pow(g3, 0.6472239), 1.5954019)), mean_g), plus(plus(sqrtm(sqrtm(g0)), t), -0.0015046691)), greater(mean_g, pow(square(g2), 0.5751481))))), sinh(greater(mult(plus(greater(mult(mean_g2, 0.84532756), t), mean_g2), plus(g2, 7.4658475)), 0.019832876)))))), sqrtm(t))), plus(t, t))), -0.034211375))))))), sinh(mult(sinh(sinh(tanh(asinh(mult(g0, 535.73816))))), asinh(erfc(t))))), -0.0013336934)
172|9.804187e-6|mult(plus(plus(cube(cube(mult(asinh(plus(sign(g3), sign(g1))), 0.6202775))), sinh(plus(asinh(cube(plus(greater(plus(mean_g, mult(plus(g1, g2), sinh(sinh(plus(sinh(greater(plus(mean_g, mult(mult(g4, g1), -16.330774)), g0)), -0.19745083))))), plus(mult(t, 2.815143), mean_g2)), tanh(pow(g0, plus(0.5130275, plus(pow(g0, 0.75541586), g2))))))), sinh(sinh(sinh(plus(sinh(plus(pow(sinh(tanh(tanh(sinh(plus(mult(plus(g2, g0), 2.7314184), asinh(asinh(plus(plus(tanh(mult(g3, 6.8627863)), sinh(cube(mult(cube(cube(plus(g1, greater(mean_g2, mult(t, 0.6691555))))), greater(t, sqrtm(g0)))))), tanh(plus(mult(plus(g2, g4), 11.859227), mult(g1, 7.1993623))))))))))), plus(sinh(sinh(sinh(plus(sqrtm(pow(mult(greater(mult(plus(plus(t, mean_g2), t), plus(pow(g3, 0.6472239), 1.5954019)), mean_g), plus(plus(sqrtm(sqrtm(g0)), t), -0.0015046691)), greater(mean_g, pow(square(g2), 0.5751481)))), sinh(greater(mult(plus(greater(mult(mean_g2, 0.84532756), t), mean_g2), plus(g2, 7.4658475)), 0.019832876)))))), sqrtm(t))), plus(t, t))), -0.034211375))))))), sinh(mult(sinh(sinh(tanh(asinh(mult(g0, 535.73816))))), asinh(erfc(t))))), -0.0013336934)
173|9.800327e-6|mult(plus(plus(cube(cube(mult(asinh(plus(sign(g3), sign(g1))), 0.6202775))), sinh(plus(asinh(cube(plus(greater(plus(mean_g, mult(plus(g1, g2), sinh(sinh(plus(sinh(greater(plus(mean_g, mult(mult(g4, g1), -16.330774)), g0)), -0.19745083))))), plus(mult(t, 2.815143), mean_g2)), tanh(pow(g0, plus(0.5130275, plus(pow(g0, 0.75541586), g2))))))), sinh(sinh(sinh(plus(sinh(plus(pow(sinh(tanh(tanh(sinh(plus(mult(plus(g2, g0), 2.7314184), asinh(asinh(plus(plus(tanh(mult(g3, 6.8627863)), sinh(cube(mult(cube(cube(plus(g1, greater(mean_g2, mult(t, 0.6691555))))), greater(t, sqrtm(g0)))))), tanh(plus(mult(plus(g2, g4), 11.859227), mult(g1, 7.1993623))))))))))), plus(sinh(sinh(sinh(plus(sqrtm(sinh(pow(mult(greater(mult(plus(plus(t, mean_g2), t), plus(pow(g3, 0.6472239), 1.5954019)), mean_g), plus(plus(sqrtm(sqrtm(g0)), t), -0.0015046691)), greater(mean_g, pow(square(g2), 0.5751481))))), sinh(greater(mult(plus(greater(mult(mean_g2, 0.84532756), t), mean_g2), plus(g2, 7.4658475)), 0.019832876)))))), sqrtm(t))), plus(t, t))), -0.034211375))))))), sinh(mult(sinh(sinh(tanh(asinh(mult(g0, 577.78625))))), asinh(erfc(t))))), -0.0013336934)
174|9.697216e-6|mult(plus(plus(cube(cube(mult(asinh(plus(sign(g3), sign(g1))), 0.619373))), sinh(plus(asinh(cube(plus(greater(plus(mean_g, mult(plus(g1, g2), sinh(sinh(plus(sinh(greater(plus(mean_g, mult(mult(g4, g1), -14.421807)), g0)), -0.19745083))))), plus(mult(t, 2.815143), mean_g2)), pow(g0, tanh(plus(greater(plus(g0, mult(g2, 1.1653244)), mean_g), 0.3469566)))))), sinh(sinh(sinh(plus(sinh(plus(pow(sinh(tanh(tanh(sinh(plus(mult(plus(g2, g0), 2.7314184), asinh(asinh(plus(plus(tanh(mult(g3, 6.8627863)), sinh(cube(mult(cube(cube(plus(g1, greater(mean_g2, mult(t, 0.6781479))))), greater(t, sqrtm(g0)))))), tanh(plus(mult(plus(g2, g4), 12.106896), mult(g1, 7.168851))))))))))), plus(sinh(sinh(sinh(plus(sqrtm(sinh(pow(mult(tanh(greater(mult(plus(plus(t, mean_g2), t), plus(pow(g3, 0.6472239), 1.5954019)), mean_g)), plus(sqrtm(sqrtm(g0)), -0.0015046691)), greater(mean_g, pow(square(g2), 0.5767038))))), sinh(greater(mult(plus(greater(mult(mean_g2, 0.84532756), t), mean_g2), plus(g2, 7.4658475)), 0.019832876)))))), sqrtm(t))), plus(t, t))), -0.033182573))))))), sinh(mult(sinh(sinh(tanh(asinh(mult(g0, 546.0743))))), asinh(erfc(mean_g))))), -0.0013190105)
175|9.693287e-6|mult(plus(plus(cube(cube(mult(asinh(plus(sign(g3), sign(g1))), 0.619373))), sinh(plus(asinh(cube(plus(greater(plus(mean_g, mult(plus(g1, g2), sinh(sinh(plus(sinh(greater(plus(mean_g, mult(mult(g4, g1), -14.421807)), g0)), -0.19745083))))), plus(mult(t, 2.815143), mean_g2)), pow(g0, tanh(plus(greater(plus(g0, mult(g2, 1.1653244)), mean_g), 0.3469566)))))), sinh(sinh(sinh(plus(sinh(plus(pow(sinh(tanh(tanh(sinh(plus(mult(plus(g2, g0), 2.7314184), asinh(asinh(plus(plus(mult(g3, 6.8627863), sinh(cube(mult(cube(cube(plus(g1, greater(mean_g2, mult(t, 0.6781479))))), greater(t, sqrtm(g0)))))), tanh(plus(mult(plus(g2, g4), 12.106896), mult(g1, 7.168851))))))))))), plus(sinh(sinh(sinh(plus(sqrtm(sinh(pow(mult(tanh(greater(mult(plus(plus(t, mean_g2), t), plus(pow(g3, 0.6472239), 1.5954019)), mean_g)), plus(plus(sqrtm(sqrtm(g0)), t), -0.0015046691)), greater(mean_g, pow(square(g2), 0.5767038))))), sinh(greater(mult(plus(greater(mult(mean_g2, 0.84532756), t), mean_g2), plus(g2, 7.4658475)), 0.019832876)))))), sqrtm(t))), plus(t, t))), -0.033182573))))))), sinh(mult(sinh(sinh(tanh(asinh(mult(g0, 546.0743))))), asinh(erfc(mean_g))))), -0.0013190105)
176|9.683364e-6|mult(plus(plus(cube(cube(mult(asinh(plus(sign(g3), sign(g1))), 0.619373))), sinh(plus(asinh(cube(plus(greater(plus(mean_g, mult(plus(g1, g2), sinh(sinh(plus(sinh(greater(plus(mean_g, mult(mult(g4, g1), -14.421807)), g0)), -0.19745083))))), plus(mult(t, 2.815143), mean_g2)), pow(g0, tanh(plus(greater(plus(g0, mult(g2, 1.1653244)), mean_g), 0.3469566)))))), sinh(sinh(sinh(plus(sinh(plus(pow(sinh(tanh(tanh(sinh(plus(mult(plus(g2, g0), 2.7314184), asinh(asinh(plus(plus(tanh(mult(g3, 6.8627863)), sinh(cube(mult(cube(cube(plus(g1, greater(mean_g2, mult(t, 0.6781479))))), greater(t, sqrtm(g0)))))), tanh(plus(mult(plus(g2, g4), 12.106896), mult(g1, 7.168851))))))))))), plus(sinh(sinh(sinh(plus(sqrtm(sinh(pow(mult(tanh(greater(mult(plus(plus(t, mean_g2), t), plus(pow(g3, 0.6472239), 1.5954019)), mean_g)), plus(plus(sqrtm(sqrtm(g0)), t), -0.0015046691)), greater(mean_g, pow(square(g2), 0.5767038))))), sinh(greater(mult(plus(greater(mult(mean_g2, 0.84532756), t), mean_g2), plus(g2, 7.4658475)), 0.019832876)))))), sqrtm(t))), plus(t, t))), -0.033182573))))))), sinh(mult(sinh(sinh(tanh(asinh(mult(g0, 546.0743))))), asinh(erfc(mean_g))))), -0.0013190105)
177|9.608826e-6|mult(plus(plus(cube(cube(mult(asinh(plus(sign(g3), sign(g1))), 0.619373))), sinh(plus(asinh(cube(plus(greater(plus(mean_g, mult(plus(g1, g2), sinh(sinh(plus(sinh(greater(plus(sinh(mean_g), mult(mult(g4, g1), -16.009806)), g0)), -0.19745083))))), plus(mult(t, 2.815143), mean_g2)), pow(g0, plus(greater(plus(pow(g0, 0.9524785), mult(g2, 1.1653244)), mean_g), 0.3040571))))), sinh(sinh(sinh(plus(sinh(plus(pow(sinh(tanh(tanh(sinh(plus(mult(plus(g2, g0), 3.3278384), asinh(asinh(plus(plus(mult(g3, 6.519524), sinh(cube(mult(cube(cube(plus(g1, greater(mean_g2, mult(t, 0.6781479))))), greater(t, sqrtm(g0)))))), tanh(plus(mult(plus(g2, g4), 13.034673), mult(g1, 7.168851))))))))))), plus(sinh(sinh(sinh(plus(sqrtm(sinh(pow(mult(tanh(greater(mult(plus(plus(t, mean_g2), t), plus(pow(g3, 0.65030164), 1.5954019)), mean_g)), plus(plus(sqrtm(sqrtm(g1)), t), -0.0015046691)), greater(mean_g, pow(square(g2), 0.5767038))))), sinh(greater(mult(plus(greater(mult(mean_g2, 0.84532756), t), mean_g2), plus(g2, 7.4658475)), 0.019832876)))))), sqrtm(t))), plus(t, t))), -0.03178504))))))), sinh(mult(sinh(sinh(tanh(asinh(mult(g0, 546.0743))))), asinh(erfc(mean_g))))), -0.0013077306)
178|9.603031e-6|mult(plus(plus(cube(cube(mult(asinh(plus(sign(g3), sign(g1))), 0.619373))), sinh(plus(asinh(cube(plus(greater(plus(mean_g, mult(plus(g1, g2), sinh(sinh(plus(sinh(greater(plus(sinh(mean_g), mult(mult(g4, g1), -16.009806)), g0)), -0.19745083))))), plus(mult(t, 2.815143), mean_g2)), pow(g0, plus(greater(plus(pow(g0, 0.9524785), mult(g2, 1.1653244)), mean_g), 0.3040571))))), sinh(sinh(sinh(plus(sinh(plus(pow(sinh(tanh(tanh(sinh(plus(mult(plus(g2, g0), 3.3278384), asinh(asinh(plus(plus(tanh(mult(g3, 6.5163937)), sinh(cube(mult(cube(cube(plus(g1, greater(mean_g2, mult(t, 0.6781479))))), greater(t, sqrtm(g0)))))), tanh(plus(mult(plus(g2, g4), 13.034673), mult(g1, 7.168851))))))))))), plus(sinh(sinh(sinh(plus(sqrtm(sinh(pow(mult(tanh(greater(mult(plus(plus(t, mean_g2), t), plus(pow(g3, 0.65030164), 1.5954019)), mean_g)), plus(plus(sqrtm(sqrtm(g1)), t), -0.0015046691)), greater(mean_g, pow(square(g2), 0.5767038))))), sinh(greater(mult(plus(greater(mult(mean_g2, 0.84532756), t), mean_g2), plus(g2, 7.4658475)), 0.019832876)))))), sqrtm(t))), plus(t, t))), -0.03178504))))))), sinh(mult(sinh(sinh(tanh(asinh(mult(g0, 546.0743))))), asinh(erfc(mean_g))))), -0.0013077306)
179|9.602703e-6|mult(plus(plus(cube(cube(mult(asinh(plus(sign(g3), sign(g1))), 0.619373))), sinh(plus(asinh(cube(plus(greater(plus(mean_g, mult(plus(g1, g2), sinh(sinh(plus(sinh(greater(plus(sinh(mean_g), mult(mult(g4, g1), -16.009806)), g0)), -0.19745083))))), plus(mult(t, 2.815143), mean_g2)), pow(g0, plus(asinh(greater(plus(pow(g0, 0.9524785), mult(g2, 1.1653244)), mean_g)), 0.3040571))))), sinh(sinh(sinh(plus(sinh(plus(pow(sinh(tanh(tanh(sinh(plus(mult(plus(g2, g0), 3.3278384), asinh(asinh(plus(plus(tanh(mult(g3, 6.5163937)), sinh(cube(mult(cube(cube(plus(g1, greater(mean_g2, mult(t, 0.6781479))))), greater(t, sqrtm(g0)))))), tanh(plus(mult(plus(g2, g4), 13.034673), mult(g1, 7.168851))))))))))), plus(sinh(sinh(sinh(plus(sqrtm(sinh(pow(mult(tanh(greater(mult(plus(plus(t, mean_g2), t), plus(pow(g3, 0.65030164), 1.5954019)), mean_g)), plus(plus(sqrtm(sqrtm(g1)), t), -0.0015046691)), greater(mean_g, pow(square(g2), 0.5767038))))), sinh(greater(mult(plus(greater(mult(mean_g2, 0.84532756), t), mean_g2), plus(g2, 7.4658475)), 0.019832876)))))), sqrtm(t))), plus(t, t))), -0.03178504))))))), sinh(mult(sinh(sinh(tanh(asinh(mult(g0, 546.0743))))), asinh(erfc(mean_g))))), -0.0013077306)
182|9.572153e-6|mult(plus(plus(cube(cube(mult(asinh(plus(sign(g3), sign(g1))), 0.619373))), sinh(plus(asinh(cube(plus(greater(plus(mean_g, mult(plus(g1, g2), sinh(sinh(plus(sinh(greater(plus(mean_g, mult(mult(g4, g1), -16.067345)), g0)), -0.19745083))))), plus(mult(t, 2.815143), mean_g2)), pow(g0, asinh(plus(greater(plus(g0, mult(abs(g2), plus(1.1653244, g2))), mean_g), 0.25192156)))))), sinh(sinh(sinh(plus(sinh(plus(pow(sinh(tanh(tanh(sinh(plus(mult(plus(g2, g0), 3.414611), asinh(asinh(plus(plus(tanh(mult(g3, 6.787598)), square(sinh(cube(mult(cube(cube(plus(g1, greater(mean_g2, mult(t, 0.6781479))))), greater(t, sqrtm(g0))))))), tanh(plus(mult(plus(g2, g4), 12.974726), mult(g1, 7.8554244))))))))))), plus(sinh(sinh(sinh(plus(sqrtm(sinh(pow(mult(tanh(greater(mult(plus(plus(t, mean_g2), t), plus(pow(g3, 0.67305887), 1.5954019)), mean_g)), plus(sqrtm(sqrtm(g0)), t)), greater(mean_g, pow(square(g2), 0.5767038))))), plus(sinh(greater(mult(plus(greater(mult(mean_g2, 0.84532756), t), mean_g2), plus(g2, 7.4658475)), 0.019832876)), t))))), sqrtm(t))), plus(mult(1.6544659, t), t))), -0.033182573))))))), sinh(mult(sinh(sinh(tanh(asinh(mult(g0, 549.648))))), asinh(erfc(mean_g))))), -0.0012757618)
184|9.508987e-6|mult(plus(plus(cube(cube(mult(asinh(plus(sign(g3), sign(g1))), 0.62493265))), sinh(plus(cube(plus(greater(plus(mean_g, mult(plus(g1, g2), sinh(sinh(plus(sinh(greater(plus(mean_g, mult(mult(g4, g1), -16.08384)), g0)), -0.19745083))))), plus(mult(t, 2.8184173), mean_g2)), pow(tanh(g0), sinh(plus(greater(plus(g0, abs(mult(g2, -1.215278))), mean_g), 0.35753804))))), sinh(sinh(sinh(pow(plus(sinh(plus(pow(sinh(tanh(tanh(sinh(plus(mult(plus(g2, g0), 2.740715), asinh(asinh(plus(plus(tanh(mult(g3, 5.4793134)), cube(mult(cube(cube(plus(g1, greater(mean_g2, mult(t, 0.67494565))))), greater(t, sqrtm(g0))))), asinh(tanh(plus(mult(plus(g2, g4), 10.765664), mult(g1, 7.202791)))))))))))), plus(sinh(sinh(sinh(plus(sqrtm(sinh(pow(mult(tanh(greater(mult(plus(plus(t, mean_g2), t), plus(pow(g3, 0.6472239), 1.5954019)), mean_g)), plus(plus(sqrtm(sqrtm(g0)), t), -0.0014998885)), greater(mean_g, pow(plus(square(relu(g2)), mean_g2), 0.6127154))))), sinh(greater(mult(plus(greater(mult(mean_g2, 0.84532756), t), mean_g2), plus(g2, 7.4658475)), 0.019832876)))))), sqrtm(t))), plus(mult(t, 2.191603), t))), -0.04031063), square(exp(mean_g))))))))), sinh(mult(sinh(sinh(tanh(asinh(mult(g0, 607.84576))))), 0.91338956))), -0.0012096278)
185|9.502652e-6|mult(plus(plus(cube(cube(mult(asinh(plus(sign(g3), sign(g1))), 0.62493265))), sinh(plus(cube(plus(greater(plus(mean_g, mult(plus(g1, g2), sinh(sinh(plus(sinh(greater(plus(mean_g, mult(mult(g4, g1), -16.08384)), g0)), -0.19745083))))), plus(mult(t, 2.8184173), mean_g2)), pow(tanh(g0), sinh(plus(greater(plus(g0, abs(mult(g2, -1.215278))), mean_g), 0.35753804))))), sinh(sinh(sinh(pow(plus(sinh(plus(pow(sinh(tanh(tanh(sinh(plus(mult(plus(g2, g0), 2.740715), asinh(asinh(plus(plus(tanh(mult(g3, 5.4793134)), cube(cube(mult(cube(cube(plus(g1, greater(mean_g2, mult(t, 0.67494565))))), greater(t, sqrtm(g0)))))), asinh(tanh(plus(mult(plus(g2, g4), 10.765664), mult(g1, 7.202791)))))))))))), plus(sinh(sinh(sinh(plus(sqrtm(sinh(pow(mult(tanh(greater(mult(plus(plus(t, mean_g2), t), plus(pow(g3, 0.6472239), 1.5954019)), mean_g)), plus(plus(sqrtm(sqrtm(g0)), t), -0.0014998885)), greater(mean_g, pow(plus(square(relu(g2)), mean_g2), 0.6127154))))), sinh(greater(mult(plus(greater(mult(mean_g2, 0.84532756), t), mean_g2), plus(g2, 7.4658475)), 0.019832876)))))), sqrtm(t))), plus(mult(t, 2.191603), t))), -0.04031063), square(exp(mean_g))))))))), sinh(mult(sinh(sinh(tanh(asinh(mult(g0, 607.84576))))), 0.91338956))), -0.0012096278)
186|9.502652e-6|mult(plus(plus(cube(cube(mult(asinh(plus(sign(g3), sign(g1))), 0.62493265))), sinh(plus(cube(plus(greater(plus(mean_g, mult(plus(g1, g2), sinh(sinh(plus(sinh(greater(plus(mean_g, mult(mult(g4, g1), -16.08384)), g0)), -0.19745083))))), plus(mult(t, 2.8184173), mean_g2)), pow(tanh(g0), sinh(plus(greater(plus(g0, abs(mult(g2, -1.215278))), mean_g), tanh(0.3740602)))))), sinh(sinh(sinh(pow(plus(sinh(plus(pow(sinh(tanh(tanh(sinh(plus(mult(plus(g2, g0), 2.740715), asinh(asinh(plus(plus(tanh(mult(g3, 5.4793134)), cube(cube(mult(cube(cube(plus(g1, greater(mean_g2, mult(t, 0.67494565))))), greater(t, sqrtm(g0)))))), asinh(tanh(plus(mult(plus(g2, g4), 10.765664), mult(g1, 7.202791)))))))))))), plus(sinh(sinh(sinh(plus(sqrtm(sinh(pow(mult(tanh(greater(mult(plus(plus(t, mean_g2), t), plus(pow(g3, 0.6472239), 1.5954019)), mean_g)), plus(plus(sqrtm(sqrtm(g0)), t), -0.0014998885)), greater(mean_g, pow(plus(square(relu(g2)), mean_g2), 0.6127154))))), sinh(greater(mult(plus(greater(mult(mean_g2, 0.84532756), t), mean_g2), plus(g2, 7.4658475)), 0.019832876)))))), sqrtm(t))), plus(mult(t, 2.191603), t))), -0.04031063), square(exp(mean_g))))))))), sinh(mult(sinh(sinh(tanh(asinh(mult(g0, 607.84576))))), 0.91338956))), -0.0012096278)
187|9.500744e-6|mult(plus(plus(cube(cube(mult(asinh(plus(sign(g3), sign(g1))), 0.62493265))), sinh(plus(cube(plus(greater(plus(mean_g, mult(plus(g1, g2), sinh(sinh(plus(sinh(greater(plus(mean_g, mult(mult(g4, g1), -16.08384)), g0)), -0.19745083))))), plus(mult(t, 2.8184173), mean_g2)), pow(tanh(g0), sinh(plus(greater(plus(g0, abs(mult(g2, -1.215278))), mean_g), 0.37257645))))), sinh(sinh(sinh(pow(plus(sinh(plus(pow(sinh(tanh(tanh(sinh(plus(mult(plus(g2, g0), 2.680032), asinh(asinh(asinh(plus(plus(tanh(mult(g3, 5.8031545)), cube(cube(cube(mult(cube(plus(g1, greater(mean_g2, mult(t, 0.67494565)))), greater(t, sqrtm(g0))))))), tanh(plus(mult(plus(g2, g4), 10.765664), mult(g1, 7.217844)))))))))))), plus(sinh(sinh(sinh(plus(sqrtm(sinh(pow(mult(tanh(greater(mult(plus(plus(t, mean_g2), t), plus(pow(g3, 0.6472239), 1.5954019)), mean_g)), plus(plus(plus(sqrtm(sqrtm(g0)), t), -0.0014998885), g3)), greater(mean_g, pow(plus(square(relu(g2)), mean_g2), 0.6159857))))), sinh(greater(mult(plus(greater(mult(mean_g2, 0.84532756), t), mean_g2), plus(g2, 7.4658475)), 0.019832876)))))), sqrtm(t))), plus(mult(t, 2.5896819), t))), -0.041712772), square(exp(mean_g))))))))), sinh(mult(sinh(sinh(tanh(asinh(mult(g0, 577.37573))))), 0.90696245))), -0.0012290363)
188|9.50007e-6|mult(plus(plus(cube(cube(mult(asinh(plus(sign(g3), sign(g1))), 0.62493265))), sinh(plus(cube(plus(greater(plus(mean_g, mult(plus(g1, g2), sinh(sinh(plus(sinh(greater(plus(mean_g, mult(mult(g4, g1), -16.08384)), g0)), -0.19745083))))), plus(mult(t, 2.8184173), mean_g2)), pow(tanh(g0), sinh(plus(greater(plus(g0, abs(mult(g2, -1.215278))), mean_g), 0.37257645))))), sinh(sinh(sinh(pow(plus(sinh(plus(pow(sinh(tanh(tanh(sinh(plus(mult(plus(g2, g0), 2.680032), asinh(asinh(asinh(plus(plus(tanh(mult(g3, 5.8031545)), cube(sinh(cube(cube(mult(cube(plus(g1, greater(mean_g2, mult(t, 0.67494565)))), greater(t, sqrtm(g0)))))))), tanh(plus(mult(plus(g2, g4), 10.765664), mult(g1, 7.217844)))))))))))), plus(sinh(sinh(sinh(plus(sqrtm(sinh(pow(mult(tanh(greater(mult(plus(plus(t, mean_g2), t), plus(pow(g3, 0.6472239), 1.5954019)), mean_g)), plus(plus(plus(sqrtm(sqrtm(g0)), t), -0.0014998885), g3)), greater(mean_g, pow(plus(square(relu(g2)), mean_g2), 0.6159857))))), sinh(greater(mult(plus(greater(mult(mean_g2, 0.84532756), t), mean_g2), plus(g2, 7.4658475)), 0.019832876)))))), sqrtm(t))), plus(mult(t, 2.5896819), t))), -0.041712772), square(exp(mean_g))))))))), sinh(mult(sinh(sinh(tanh(asinh(mult(g0, 577.37573))))), 0.90696245))), -0.0012290363)
